/*
 Navicat Premium Data Transfer

 Source Server         : thatblog
 Source Server Type    : MySQL
 Source Server Version : 100128
 Source Host           : www.thatblog.cn:3306
 Source Schema         : thatblog

 Target Server Type    : MySQL
 Target Server Version : 100128
 File Encoding         : 65001

 Date: 10/06/2018 09:19:52
*/

SET NAMES utf8mb4;
SET FOREIGN_KEY_CHECKS = 0;

-- ----------------------------
-- Table structure for article
-- ----------------------------
DROP TABLE IF EXISTS `article`;
CREATE TABLE `article`  (
  `art_id` int(11) NOT NULL AUTO_INCREMENT,
  `art_name` varchar(100) CHARACTER SET utf8 COLLATE utf8_bin DEFAULT NULL,
  `art_info` varchar(20000) CHARACTER SET utf8 COLLATE utf8_bin DEFAULT NULL,
  `create_time` datetime(0) DEFAULT NULL,
  `update_time` datetime(0) DEFAULT NULL,
  `look` int(11) DEFAULT NULL,
  `pro_id` int(11) DEFAULT NULL,
  PRIMARY KEY (`art_id`) USING BTREE,
  INDEX `pro_id`(`pro_id`) USING BTREE,
  CONSTRAINT `article_ibfk_1` FOREIGN KEY (`pro_id`) REFERENCES `project` (`pro_id`) ON DELETE CASCADE ON UPDATE CASCADE
) ENGINE = InnoDB AUTO_INCREMENT = 29 CHARACTER SET = utf8 COLLATE = utf8_bin ROW_FORMAT = Compact;

-- ----------------------------
-- Records of article
-- ----------------------------
INSERT INTO `article` VALUES (4, '百度地图文档之坑——定位sdk和地图sdk文档分开', '<p>在百度地图官方文档找了好就，一直没找到定位的方式。在辗转好久后惊奇的发现：</p><p><img src=\"/ueditor/php/upload/image/20180321/1521634129165199.png\" title=\"1521634129165199.png\" alt=\"image.png\"/></p><p>不知道有没有其他人也遇上了这坑。</p><p>定位sdk文档和地图sdk文档分开。<br/></p>', '2018-03-21 08:10:20', '2018-03-21 08:10:20', NULL, 7);
INSERT INTO `article` VALUES (5, 'android 去顶部标题', '<p>android 去顶部标题：</p><p><img src=\"/ueditor/php/upload/image/20180322/1521686790774933.png\" title=\"1521686790774933.png\" alt=\"image.png\"/></p><p>方法：</p><p><img src=\"/ueditor/php/upload/image/20180322/1521686861123871.png\" title=\"1521686861123871.png\" alt=\"image.png\"/></p><p>效果：</p><p><img src=\"/ueditor/php/upload/image/20180322/1521686882630260.png\" title=\"1521686882630260.png\" alt=\"image.png\"/></p>', '2018-03-22 10:48:15', '2018-03-22 10:48:15', NULL, 7);
INSERT INTO `article` VALUES (6, 'Android 页面（activity)跳转 ', '<p>android 页面跳转：</p><pre class=\"brush:java;toolbar:false\">Intent&nbsp;intent&nbsp;=new&nbsp;Intent(MainActivity.this,&nbsp;ThActivity.class);\r\nstartActivity(intent);</pre><p>一直闪退，找了好多博客都只有以上内容，后来发现是因为页面没有注册：</p><p>AndroidManifest.xml ：apploction 标签内加入：</p><pre class=\"brush:java;toolbar:false\">&lt;activity&nbsp;android:name=&quot;.AldhActivity&quot;&nbsp;/&gt;</pre><p><br/></p>', '2018-03-25 02:44:22', '2018-03-25 02:44:22', NULL, 7);
INSERT INTO `article` VALUES (7, '浅谈python多线程', '<p>生成线程和启动</p><pre class=\"brush:python;toolbar:false\">t&nbsp;=&nbsp;threading.Thread(target=run,&nbsp;name=&#39;worker&#39;)&nbsp;&nbsp;#&nbsp;线程对象.\r\nt.start()</pre><p>这里run是让线程执信的函数，name是线程名</p><p><br/></p><p>线程锁：</p><p>个人理解：一个进程可以拥有一个或多个线程，这些线程都可以访问和修改进程中的数据（如全局变量）</p><p>当一个线程启用线程锁时阻塞其他线程，达到只有一个线程修改和访问数据的效果。</p><pre class=\"brush:python;toolbar:false\">L&nbsp;=&nbsp;threading.Lock()&nbsp;#&nbsp;引入锁\r\nL.acquire()&nbsp;&nbsp;&nbsp;&nbsp;#&nbsp;加锁\r\n#执行操作\r\nL.release()&nbsp;&nbsp;&nbsp;&nbsp;#&nbsp;释放锁</pre><p><br/></p>', '2018-04-05 05:25:22', '2018-04-05 05:25:22', NULL, 10);
INSERT INTO `article` VALUES (8, '配置自己的Ubuntu开发环境', '<p>一.安装搜狗输入法：<br/></p><p>&nbsp;&nbsp;&nbsp;&nbsp;到搜狗官网下载deb文件直接双击就可以安装。</p><p>&nbsp;&nbsp;&nbsp;&nbsp;安装完成后在设置的语言支持中，添加中文。</p><p>&nbsp;&nbsp;&nbsp;&nbsp;<img src=\"/ueditor/php/upload/image/20180408/1523177739979844.png\" title=\"1523177739979844.png\" alt=\"图片.png\"/></p><p>&nbsp;&nbsp;&nbsp;&nbsp;这里键盘系统选fcitx<br/></p><p>&nbsp;&nbsp;&nbsp;&nbsp;重启即可使用搜狗。</p><p>再三纠结还是把系统语言设置为英语，原因如下：</p><p>&nbsp;&nbsp;&nbsp;&nbsp;1.home目录：</p><p><img src=\"/ueditor/php/upload/image/20180408/1523178177174628.png\" title=\"1523178177174628.png\" alt=\"image.png\"/></p><p>如果使用汉语则需要cd ./下载&nbsp; 特别麻烦</p><p>当然这只是骗骗自己主要原因是第二条。</p><p>注：如果你安装时候选择了汉语，那么这些目录是汉语的，如果你觉得麻烦，可以：</p><p>系统设置（system sttings) -&gt; 语言支持（language support)-&gt;把第一项设置为English-&gt;应用到整个系统（apply syatem-wide）-&gt;重启系统</p><p>重新打开系统时会提示你是否修改.....-&gt;选择修改即可把目录名改为英文。</p><p>当然如果要使用汉语为系统语言，保持英文文件夹，可以在英文语言（目录为英文）的前提下（至于如何变成英文方法在上面），用同样方法改系统语言为中文，重启后选择不修改目录名即可。</p><p>2.最重要的原因学习英语。</p><p><br/></p><p>二.安装chrome <br/></p><p>安装方法：https://jingyan.baidu.com/article/335530da98061b19cb41c31d.html</p><p>如果一切顺利在terminal执行&nbsp;/usr/bin/google-chrome-stable或者 google-chrome-stable或者google-chrome就可以打开chrome了</p><p><br/></p><p>三.安装sublime：</p><p>官网：<a href=\"https://www.sublimetext.com/\">https://www.sublimetext.com/</a> 下载 sublime_text_..........tar.bz2</p><p>然后执行：</p><p>bzip2 -d ssublime_text_..........tar.bz2</p><p>tar -xvf&nbsp; sublime_text_..........tar</p><p>mv sublime_text_3 /opt</p><p>到这里执行 /opt/sublime_text_3/sublime_text 应该能打开sublime，但是不能切换到中文输入法。<br/></p><p><span style=\"font-family: Consolas, Inconsolata, Courier, monospace; font-size: 14px; white-space: pre; background-color: rgb(246, 248, 250);\">git </span><span class=\"hljs-built_in\" style=\"margin: 0px; padding: 0px; box-sizing: border-box; color: rgb(79, 79, 79); font-family: Consolas, Inconsolata, Courier, monospace; font-size: 14px; white-space: pre;\">clone</span><span style=\"font-family: Consolas, Inconsolata, Courier, monospace; font-size: 14px; white-space: pre; background-color: rgb(246, 248, 250);\"> <a href=\"https://github.com/lyfeyaj/sublime-text-imfix.git\">https://github.com/lyfeyaj/sublime-text-imfix.git</a></span></p><p><span style=\"font-family: Consolas, Inconsolata, Courier, monospace; font-size: 14px; white-space: pre; background-color: rgb(246, 248, 250);\">把git到的文件中lib目录下的 .os文件拷到/opt/sublime_txet_3下</span></p><p><span style=\"font-family: Consolas, Inconsolata, Courier, monospace; font-size: 14px; white-space: pre; background-color: rgb(246, 248, 250);\">修改sublime_text.desktop </span></p><pre class=\"brush:as3;toolbar:false\">[Desktop&nbsp;Entry]\r\nVersion=1.0\r\nType=Application\r\nName=Sublime&nbsp;Text\r\nGenericName=Text&nbsp;Editor\r\nComment=Sophisticated&nbsp;text&nbsp;editor&nbsp;for&nbsp;code,&nbsp;markup&nbsp;and&nbsp;prose\r\nExec=bash&nbsp;-c&nbsp;&quot;LD_PRELOAD=/opt/sublime_text_3/libsublime-imfix.so&nbsp;/opt/sublime_text_3/sublime_text&nbsp;%F&quot;\r\nTerminal=false\r\nMimeType=text/plain;\r\nIcon=sublime-text\r\nCategories=TextEditor;Development;\r\nStartupNotify=true\r\nActions=Window;Document;\r\nIcon=/opt/sublime_text_3/Icon/48x48/sublime-text.png\r\n\r\n[Desktop&nbsp;Action&nbsp;Window]\r\nName=New&nbsp;Window\r\nExec=/opt/sublime_text/sublime_text&nbsp;-n\r\nOnlyShowIn=Unity;\r\n\r\n[Desktop&nbsp;Action&nbsp;Document]\r\nName=New&nbsp;File\r\nExec=/opt/sublime_text/sublime_text&nbsp;--command&nbsp;new_file\r\nOnlyShowIn=Unity;</pre><p>把sublime_text.desktop拷贝到 /usr/share/application/ 下</p><p>在文件浏览器中找到/usr/share/application/sublime_text.desktop 把它拖到菜单栏即可</p><p><br/></p>', '2018-04-08 04:57:06', '2018-04-09 10:03:17', NULL, 11);
INSERT INTO `article` VALUES (9, '彻底修复Ubuntu下sublime中文输入（桌面图标和命令）', '<p>关于sublime在Linux下不能输入中文的修复方法网上大都是LD_PRELOAD加载os库，修复桌面图标的方式，但是使用命令还是很麻烦。于是想了一个偷梁换柱的办法：</p><p>第一步：</p><p style=\"box-sizing: border-box; margin-top: 0px; margin-bottom: 10px; color: rgb(51, 51, 51); font-family: PingFangSC-Light, &quot;helvetica neue&quot;, &quot;hiragino sans gb&quot;, tahoma, &quot;microsoft yahei ui&quot;, &quot;microsoft yahei&quot;, simsun, sans-serif; font-size: 14px; white-space: normal; background-color: rgb(255, 255, 255);\">官网：<a href=\"https://www.sublimetext.com/\" style=\"box-sizing: border-box; background-color: transparent; color: rgb(51, 122, 183); text-decoration-line: none;\">https://www.sublimetext.com/</a>&nbsp;下载 sublime_text_..........tar.bz2</p><p style=\"box-sizing: border-box; margin-top: 0px; margin-bottom: 10px; color: rgb(51, 51, 51); font-family: PingFangSC-Light, &quot;helvetica neue&quot;, &quot;hiragino sans gb&quot;, tahoma, &quot;microsoft yahei ui&quot;, &quot;microsoft yahei&quot;, simsun, sans-serif; font-size: 14px; white-space: normal; background-color: rgb(255, 255, 255);\">然后执行：</p><p style=\"box-sizing: border-box; margin-top: 0px; margin-bottom: 10px; color: rgb(51, 51, 51); font-family: PingFangSC-Light, &quot;helvetica neue&quot;, &quot;hiragino sans gb&quot;, tahoma, &quot;microsoft yahei ui&quot;, &quot;microsoft yahei&quot;, simsun, sans-serif; font-size: 14px; white-space: normal; background-color: rgb(255, 255, 255);\">bzip2 -d ssublime_text_..........tar.bz2</p><p style=\"box-sizing: border-box; margin-top: 0px; margin-bottom: 10px; color: rgb(51, 51, 51); font-family: PingFangSC-Light, &quot;helvetica neue&quot;, &quot;hiragino sans gb&quot;, tahoma, &quot;microsoft yahei ui&quot;, &quot;microsoft yahei&quot;, simsun, sans-serif; font-size: 14px; white-space: normal; background-color: rgb(255, 255, 255);\">tar -xvf&nbsp; sublime_text_..........tar</p><p style=\"box-sizing: border-box; margin-top: 0px; margin-bottom: 10px; color: rgb(51, 51, 51); font-family: PingFangSC-Light, &quot;helvetica neue&quot;, &quot;hiragino sans gb&quot;, tahoma, &quot;microsoft yahei ui&quot;, &quot;microsoft yahei&quot;, simsun, sans-serif; font-size: 14px; white-space: normal; background-color: rgb(255, 255, 255);\">mv sublime_text_3 /opt</p><p style=\"box-sizing: border-box; margin-top: 0px; margin-bottom: 10px; color: rgb(51, 51, 51); font-family: PingFangSC-Light, &quot;helvetica neue&quot;, &quot;hiragino sans gb&quot;, tahoma, &quot;microsoft yahei ui&quot;, &quot;microsoft yahei&quot;, simsun, sans-serif; font-size: 14px; white-space: normal; background-color: rgb(255, 255, 255);\">到这里执行 /opt/sublime_text_3/sublime_text 应该能打开sublime，但是不能切换到中文输入法。<br/></p><p style=\"box-sizing: border-box; margin-top: 0px; margin-bottom: 10px; color: rgb(51, 51, 51); font-family: PingFangSC-Light, &quot;helvetica neue&quot;, &quot;hiragino sans gb&quot;, tahoma, &quot;microsoft yahei ui&quot;, &quot;microsoft yahei&quot;, simsun, sans-serif; font-size: 14px; white-space: normal; background-color: rgb(255, 255, 255);\"><span style=\"box-sizing: border-box; font-family: Consolas, Inconsolata, Courier, monospace; white-space: pre; background-color: rgb(246, 248, 250);\">git </span><span class=\"hljs-built_in\" style=\"box-sizing: border-box; margin: 0px; padding: 0px; color: rgb(79, 79, 79); font-family: Consolas, Inconsolata, Courier, monospace; white-space: pre;\">clone</span><span style=\"box-sizing: border-box; font-family: Consolas, Inconsolata, Courier, monospace; white-space: pre; background-color: rgb(246, 248, 250);\"> <a href=\"https://github.com/lyfeyaj/sublime-text-imfix.git\" style=\"box-sizing: border-box; background-color: transparent; color: rgb(35, 82, 124); outline: 0px;\">https://github.com/lyfeyaj/sublime-text-imfix.git</a></span></p><p style=\"box-sizing: border-box; margin-top: 0px; margin-bottom: 10px; color: rgb(51, 51, 51); font-family: PingFangSC-Light, &quot;helvetica neue&quot;, &quot;hiragino sans gb&quot;, tahoma, &quot;microsoft yahei ui&quot;, &quot;microsoft yahei&quot;, simsun, sans-serif; font-size: 14px; white-space: normal; background-color: rgb(255, 255, 255);\"><span style=\"box-sizing: border-box; font-family: Consolas, Inconsolata, Courier, monospace; white-space: pre; background-color: rgb(246, 248, 250);\">把git到的文件中lib目录下的 .os文件拷到/opt/sublime_txet_3下</span></p><p style=\"box-sizing: border-box; margin-top: 0px; margin-bottom: 10px; color: rgb(51, 51, 51); font-family: PingFangSC-Light, &quot;helvetica neue&quot;, &quot;hiragino sans gb&quot;, tahoma, &quot;microsoft yahei ui&quot;, &quot;microsoft yahei&quot;, simsun, sans-serif; font-size: 14px; white-space: normal; background-color: rgb(255, 255, 255);\"><span style=\"box-sizing: border-box; font-family: Consolas, Inconsolata, Courier, monospace; white-space: pre; background-color: rgb(246, 248, 250);\">修改sublime_text.desktop </span></p><pre class=\"brush:as3;toolbar:false\" style=\"box-sizing: border-box; overflow: auto; font-family: Menlo, Monaco, Consolas, &quot;Courier New&quot;, monospace; font-size: 13px; padding: 9.5px; margin-top: 0px; margin-bottom: 10px; line-height: 1.42857; color: rgb(51, 51, 51); word-break: break-all; word-wrap: break-word; background-color: rgb(245, 245, 245); border: 1px solid rgb(204, 204, 204); border-radius: 4px;\">[Desktop&nbsp;Entry]\r\nVersion=1.0\r\nType=Application\r\nName=Sublime&nbsp;Text\r\nGenericName=Text&nbsp;Editor\r\nComment=Sophisticated&nbsp;text&nbsp;editor&nbsp;for&nbsp;code,&nbsp;markup&nbsp;and&nbsp;prose\r\nExec=bash&nbsp;-c&nbsp;&quot;LD_PRELOAD=/opt/sublime_text_3/libsublime-imfix.so&nbsp;/opt/sublime_text_3/sublime_text&nbsp;%F&quot;\r\nTerminal=false\r\nMimeType=text/plain;\r\nIcon=sublime-text\r\nCategories=TextEditor;Development;\r\nStartupNotify=true\r\nActions=Window;Document;\r\nIcon=/opt/sublime_text_3/Icon/48x48/sublime-text.png\r\n\r\n[Desktop&nbsp;Action&nbsp;Window]\r\nName=New&nbsp;Window\r\nExec=/opt/sublime_text/sublime_text&nbsp;-n\r\nOnlyShowIn=Unity;\r\n\r\n[Desktop&nbsp;Action&nbsp;Document]\r\nName=New&nbsp;File\r\nExec=/opt/sublime_text/sublime_text&nbsp;--command&nbsp;new_file\r\nOnlyShowIn=Unity;</pre><p style=\"box-sizing: border-box; margin-top: 0px; margin-bottom: 10px; color: rgb(51, 51, 51); font-family: PingFangSC-Light, &quot;helvetica neue&quot;, &quot;hiragino sans gb&quot;, tahoma, &quot;microsoft yahei ui&quot;, &quot;microsoft yahei&quot;, simsun, sans-serif; font-size: 14px; white-space: normal; background-color: rgb(255, 255, 255);\">把sublime_text.desktop拷贝到 /usr/share/application/ 下</p><p style=\"box-sizing: border-box; margin-top: 0px; margin-bottom: 10px; color: rgb(51, 51, 51); font-family: PingFangSC-Light, &quot;helvetica neue&quot;, &quot;hiragino sans gb&quot;, tahoma, &quot;microsoft yahei ui&quot;, &quot;microsoft yahei&quot;, simsun, sans-serif; font-size: 14px; white-space: normal; background-color: rgb(255, 255, 255);\">在文件浏览器中找到/usr/share/application/sublime_text.desktop 把它拖到菜单栏即可</p><p>这个很多文章里都有我只是整合和借用。但是想快速在terminal调用sublime还是比较难，于是想到了如下方法。</p><p>第二步：</p><p>生成sublime.cpp</p><pre class=\"brush:cpp;toolbar:false\">#include&lt;cstdlib&gt;\r\n#include&lt;string&gt;\r\n#include&lt;cstdio&gt;\r\n#include&lt;cstring&gt;\r\n#include&lt;iostream&gt;\r\n#include&lt;algorithm&gt;\r\nusing&nbsp;namespace&nbsp;std;\r\n\r\nconst&nbsp;int&nbsp;N&nbsp;=&nbsp;300;\r\n\r\nvoid&nbsp;Test(string&nbsp;cmd){\r\n&nbsp;&nbsp;&nbsp;&nbsp;char&nbsp;line[N];\r\n&nbsp;&nbsp;&nbsp;&nbsp;FILE&nbsp;*fp;\r\n\r\n&nbsp;&nbsp;&nbsp;&nbsp;//&nbsp;系统调用\r\n&nbsp;&nbsp;&nbsp;&nbsp;const&nbsp;char&nbsp;*sysCommand&nbsp;=&nbsp;cmd.data();\r\n&nbsp;&nbsp;&nbsp;&nbsp;if&nbsp;((fp&nbsp;=&nbsp;popen(sysCommand,&nbsp;&quot;r&quot;))&nbsp;==&nbsp;NULL)&nbsp;{\r\n&nbsp;&nbsp;&nbsp;&nbsp;&nbsp;&nbsp;&nbsp;&nbsp;cout&nbsp;&lt;&lt;&nbsp;&quot;error&quot;&nbsp;&lt;&lt;&nbsp;endl;\r\n&nbsp;&nbsp;&nbsp;&nbsp;&nbsp;&nbsp;&nbsp;&nbsp;return;\r\n&nbsp;&nbsp;&nbsp;&nbsp;}\r\n&nbsp;&nbsp;&nbsp;&nbsp;while&nbsp;(fgets(line,&nbsp;sizeof(line)-1,&nbsp;fp)&nbsp;!=&nbsp;NULL){\r\n&nbsp;&nbsp;&nbsp;&nbsp;&nbsp;&nbsp;&nbsp;&nbsp;cout&nbsp;&lt;&lt;&nbsp;line&nbsp;;\r\n&nbsp;&nbsp;&nbsp;&nbsp;}\r\n&nbsp;&nbsp;&nbsp;&nbsp;pclose(fp);\r\n}\r\n\r\nint&nbsp;main(int&nbsp;argc,char&nbsp;**argv){\r\n\r\n&nbsp;&nbsp;&nbsp;&nbsp;string&nbsp;cmd=&quot;LD_PRELOAD=/opt/sublime_text_3/libsublime-imfix.so&nbsp;/opt/sublime_text_3/sublime_text&quot;;\r\n&nbsp;&nbsp;&nbsp;&nbsp;for&nbsp;(int&nbsp;i&nbsp;=&nbsp;1;&nbsp;i&nbsp;&lt;&nbsp;argc;&nbsp;++i)\r\n&nbsp;&nbsp;&nbsp;&nbsp;{\r\n&nbsp;&nbsp;&nbsp;&nbsp;	cmd=cmd+&quot;&nbsp;&quot;+argv[i];\r\n&nbsp;&nbsp;&nbsp;&nbsp;}\r\n	Test(cmd);\r\n&nbsp;&nbsp;&nbsp;&nbsp;return&nbsp;0;\r\n}</pre><p>编译：</p><pre class=\"brush:cpp;toolbar:false\">g++&nbsp;sublime.cpp&nbsp;-o&nbsp;sublime\r\nsudo&nbsp;mv&nbsp;sublime&nbsp;/user/bin</pre><p>到这里就可一正常使用sublime了，晒一下效果：</p><p>执行：sublime 1.cpp</p><p><img src=\"/ueditor/php/upload/image/20180409/1523243279661157.png\" title=\"1523243279661157.png\" alt=\"image.png\"/><br/></p>', '2018-04-09 11:06:38', '2018-04-09 11:08:16', NULL, 11);
INSERT INTO `article` VALUES (10, '自定义底部导航栏（tabBar）', '<p>在一个微信小程序项目中遇到，不同页面需要显示的底部导航不同，或者有的页面显示有的页面不显示。由于小程序提供的tabBar只在app.json中生效，也就是全局定义。于是找到如下方法：</p><p><img src=\"/ueditor/php/upload/image/20180412/1523465999866345.png\" title=\"1523465999866345.png\" alt=\"image.png\"/></p><p>goodslist.wxml:</p><pre class=\"brush:html;toolbar:false\">&lt;!--buyer/goodslist/goodslist.wxml--&gt;\r\n&lt;import&nbsp;src=&quot;../tabBar.wxml&quot;/&gt;\r\n&lt;template&nbsp;is=&quot;item&quot;&nbsp;data=&quot;{{text:&nbsp;&#39;forbar&#39;}}&quot;/&gt;</pre><p>tabBar.wxml:</p><pre class=\"brush:html;toolbar:false\">&lt;template&nbsp;name=&quot;item&quot;&gt;\r\n&lt;view&nbsp;style=&#39;width:100%;height:100rpx;position:&nbsp;fixed;bottom:0;background:red;&#39;&gt;\r\n&lt;navigator&nbsp;url=&quot;/buyer/goodsinfo/goodsinfo&quot;&nbsp;style=&#39;width:33%;height:100%;float:left;background:#454555;margin:0rpx&nbsp;1rpx;&#39;&gt;&nbsp;&lt;/navigator&gt;\r\n&lt;navigator&nbsp;url=&quot;/buyer/goodsinfo/goodsinfo&quot;&nbsp;style=&#39;width:33%;height:100%;float:left;background:#454555;margin:0rpx&nbsp;1rpx;&#39;&gt;&nbsp;&lt;/navigator&gt;\r\n&lt;navigator&nbsp;url=&quot;/buyer/goodsinfo/goodsinfo&quot;&nbsp;style=&#39;width:33%;height:100%;float:left;background:#454555;margin:0rpx&nbsp;1rpx;&#39;&gt;&nbsp;&lt;/navigator&gt;\r\n&lt;/view&gt;\r\n&lt;/template&gt;</pre><p>效果：</p><p><img src=\"/ueditor/php/upload/image/20180412/1523466123291722.png\" title=\"1523466123291722.png\" alt=\"image.png\"/></p><p>剩下的自定义按钮什么的应该就不用说了。</p>', '2018-04-12 01:03:25', '2018-04-12 01:09:59', NULL, 12);
INSERT INTO `article` VALUES (11, '环境', '<p><br/></p><h1 class=\"postTitle\" style=\"margin: 0px 0px 10px; padding: 0px 0px 0px 5px; font-size: 18px; line-height: 1.5em; width: 740px; min-height: 25px; border-bottom: 1px solid rgb(153, 153, 153); font-family: Helvetica, Verdana, Arial, sans-serif; white-space: normal;\"><a class=\"postTitle2\" href=\"http://www.cnblogs.com/technologylife/p/6635631.html\" style=\"margin: 0px; padding: 0px; color: rgb(68, 68, 68); border: none; text-decoration: none;\">virtualenv</a>:</h1><p><a href=\"https://www.cnblogs.com/technologylife/p/6635631.html\">https://www.cnblogs.com/technologylife/p/6635631.html</a> </p><p><br/></p><p>tensorflow:<br/></p><p>https://tensorflow.google.cn/install/install_linux</p><p><br/></p>', '2018-04-21 03:36:43', '2018-04-21 03:37:37', NULL, 14);
INSERT INTO `article` VALUES (12, 'pip 源', '<p>https://blog.csdn.net/lambert310/article/details/52412059</p>', '2018-04-22 12:47:40', '2018-05-12 12:16:04', NULL, 15);
INSERT INTO `article` VALUES (13, '图标', '<p><a href=\"http://www.iconfont.cn\">www.iconfont.cn</a> </p><p><br/></p><p><a href=\"http://www.17sucai.com/pins/28560.html\">http://www.17sucai.com/pins/28560.html</a> </p><p><br/></p><p><a href=\"https://github.com/jokermonn/-Api/blob/master/KingsoftDic.md\">https://github.com/jokermonn/-Api/blob/master/KingsoftDic.md</a> </p><p><br/></p><p>公众号：</p><p><span style=\"color: rgb(53, 53, 53); font-family: -apple-system-font, BlinkMacSystemFont, &quot;Helvetica Neue&quot;, &quot;PingFang SC&quot;, &quot;Hiragino Sans GB&quot;, &quot;Microsoft YaHei UI&quot;, &quot;Microsoft YaHei&quot;, Arial, sans-serif; font-size: 14px; background-color: rgb(255, 255, 255);\">1216024819@qq.com</span></p>', '2018-04-22 08:27:24', '2018-06-08 11:03:49', NULL, 16);
INSERT INTO `article` VALUES (14, 'python ssh 连接服务器测试', '<pre class=\"brush:python;toolbar:false\">import&nbsp;paramiko\r\n\r\n#创建SSH对象\r\nssh&nbsp;=&nbsp;paramiko.SSHClient()\r\n\r\n#把要连接的机器添加到known_hosts文件中\r\nssh.set_missing_host_key_policy(paramiko.AutoAddPolicy())\r\n\r\n#连接服务器\r\nssh.connect(hostname=&#39;123.207.22.221&#39;,&nbsp;port=22,&nbsp;username=&#39;root&#39;,&nbsp;password=&#39;123456&#39;)\r\n\r\ncmd&nbsp;=&nbsp;&#39;ls&#39;\r\n#cmd&nbsp;=&nbsp;&#39;ls&nbsp;-l;ifconfig&#39;&nbsp;&nbsp;&nbsp;&nbsp;&nbsp;&nbsp;&nbsp;#多个命令用;隔开\r\nstdin,&nbsp;stdout,&nbsp;stderr&nbsp;=&nbsp;ssh.exec_command(cmd)\r\n\r\nresult&nbsp;=&nbsp;stdout.read()\r\n\r\nif&nbsp;not&nbsp;result:\r\n&nbsp;&nbsp;&nbsp;&nbsp;result&nbsp;=&nbsp;stderr.read()\r\nssh.close()\r\n\r\nprint(result.decode())</pre><p>原文：https://www.cnblogs.com/whatisfantasy/p/6138663.html</p>', '2018-04-23 07:43:24', '2018-04-23 07:43:24', NULL, 15);
INSERT INTO `article` VALUES (15, 'Linux', '<p>linux 源码位置：</p><p><a href=\"https://mirrors.edge.kernel.org/pub/\">https://mirrors.edge.kernel.org/pub/</a> </p><p><br/></p><p><a href=\"http://blog.chinaunix.net/uid-26258259-id-3792406.html\">http://blog.chinaunix.net/uid-26258259-id-3792406.html</a> </p><p><br/></p><p>http://www.oldlinux.org/Linux.old/bochs/</p>', '2018-04-25 01:15:02', '2018-04-25 04:46:22', NULL, 15);
INSERT INTO `article` VALUES (16, 'tensorflow  环境搭建', '<p>环境搭建：</p><ol class=\" list-paddingleft-2\" style=\"list-style-type: decimal;\"><li><p>安装anaconda</p></li><li><p>安装python包：</p><p>&nbsp;pip install numpy pandas&nbsp;<span style=\"font-size: 12pt; line-height: 120%; font-family: Helvetica, sans-serif;\">matplotlib&nbsp;<span style=\"font-size: 16px;line-height: 120%;font-family: Helvetica, sans-serif\">scikit-learn tensorflow&nbsp;&nbsp;<span style=\"font-size: 12pt; line-height: 120%; font-family: Helvetica, sans-serif;\">tushare</span></span></span></p></li><li><p><span style=\"font-family:Helvetica, sans-serif\">安装pycharm</span></p></li><li><p><span style=\"font-family:Helvetica, sans-serif\">安装mysql 原来php环境下xampp自带3</span></p></li></ol><p><br/></p><p><span style=\"font-family:Helvetica, sans-serif\">工具技巧：</span></p><p><span style=\"font-family:Helvetica, sans-serif\">numpy:</span></p><p><span style=\"font-family:Helvetica, sans-serif\"></span></p><p style=\"margin-left:16px\"><span style=\"font-size:19px;line-height:120%;position:relative;top:-3px\"><span style=\"font:9px &#39;Times New Roman&#39;\">&nbsp;</span></span><span style=\"font-family:&#39;Helvetica&#39;,sans-serif\"><span style=\"font-family: Helvetica, sans-serif;\">arange</span></span>、<span style=\"font-family:&#39;Helvetica&#39;,sans-serif\"> reshape</span>、<span style=\"font-family:&#39;Helvetica&#39;,sans-serif\">type</span>、<span style=\"font-family:&#39;Helvetica&#39;,sans-serif\">array</span>、<span style=\"font-family:&#39;Helvetica&#39;,sans-serif\">copy</span>、<span style=\"font-family:&#39;Helvetica&#39;,sans-serif\">a.ndim</span>、<span style=\"font-family:&#39;Helvetica&#39;,sans-serif\">a.shape </span>、<span style=\"font-family:&#39;Helvetica&#39;,sans-serif\">a.size</span></p><p><span style=\"font-family:Helvetica, sans-serif\">tushare:</span></p><p><span style=\"font-family:Helvetica, sans-serif\">数据</span></p><pre class=\"brush:python;toolbar:false\">import&nbsp;tushare&nbsp;as&nbsp;ts\r\n\r\n#获取数据列表：\r\ndt=ts.get_stock_basics()\r\ndt\r\n\r\n#历史数据：\r\nwd&nbsp;=&nbsp;ts.get_hist_data(&#39;600866&#39;)\r\nwd\r\n#当前数据\r\nwd2&nbsp;=&nbsp;ts.get_realtime_quotes(&#39;603189&#39;)</pre><pre class=\"brush:python;toolbar:false\">#显示数据\r\nimport&nbsp;pandas&nbsp;as&nbsp;pd\r\nimport&nbsp;matplotlib.pyplot&nbsp;as&nbsp;plt\r\n%matplotlib&nbsp;inline\r\nfig=plt.gcf()\r\n\r\ndf=ts.get_hist_data(&#39;000001&#39;,start=&#39;2015-11-01&#39;,end=&#39;2015-12-31&#39;)\r\n\r\nwith&nbsp;pd.plotting.plot_params.use(&#39;x_compat&#39;,True):\r\n&nbsp;&nbsp;&nbsp;&nbsp;df.high.plot(color=&#39;r&#39;,figsize=(10,4),grid=&#39;on&#39;)\r\n&nbsp;&nbsp;&nbsp;&nbsp;df.low.plot(color=&#39;b&#39;,figsize=(10,4),grid=&#39;on&#39;)</pre><p><span style=\"font-size:20px;font-family:宋体\">将上一步获取的数据以</span><span style=\"font-size:20px\">csv</span><span style=\"font-size:20px;font-family:宋体\">数据文件格式进行本地化存储。</span></p><p><span style=\"font-size:20px;font-family:宋体\">参考：</span><span style=\"font-size:20px\"><a href=\"http://tushare.org/storing.html#csv\">http://tushare.org/storing.html#csv</a></span></p><p><br/></p><p><span style=\"font-size:20px;font-family:宋体\">创建数据库，将上一步获取的数据以数据表方式进行本地化存储。</span></p><p><span style=\"font-size:20px;font-family:宋体\">参考：</span><span style=\"font-size:20px\"><a href=\"http://tushare.org/storing.html#mysql\">http://tushare.org/storing.html#mysql</a></span></p><p><br/></p><p>线性回归：</p><p>https://www.jianshu.com/p/25d650e5cb59</p><p><span style=\"font-family:Helvetica, sans-serif\"></span></p>', '2018-04-25 06:36:21', '2018-06-01 06:36:20', NULL, 17);
INSERT INTO `article` VALUES (17, '前言', '<p>不知是基于对谷歌的崇拜还是对前后端一种编程语言的诱惑，大二时候曾有大半年时间觉得node无敌、安装方便，跨平台，传说中的异步多线程……写网站用node，爬虫用node、app服务器用node……</p><p>后来有厌烦了node的无限回掉，爱上了php（thinkphp）。到现在总感觉用什么语言没多大关系，重在逻辑和算法。</p><p>最近开始入门写微信小程序。考虑了很多因素，决定用node写服务端。</p><p>时隔大半年，居然不记得如何用express新建一个项目。但是曾经学过的东西再次上手时间会变短非常多。如果有笔记将事半功倍。这也是做这个网站的原因。</p>', '2018-05-01 12:35:22', '2018-05-02 01:25:36', NULL, 18);
INSERT INTO `article` VALUES (18, 'node-express-mysql环境搭建', '<p>node-express-mysql环境搭建</p><p><br/></p><p>node:</p><p>在node官方网站<a href=\"https://nodejs.org/zh-cn/\">https://nodejs.org/zh-cn/</a>&nbsp;下载傻瓜式安装，</p><p>Linux也很简单下载解压然后添加到path就好，可以参考：</p><p><a href=\"https://blog.csdn.net/sinat_37390744/article/details/77413673\">https://blog.csdn.net/sinat_37390744/article/details/77413673</a> </p><p><br/></p><p>npm:</p><p>npm 是node的插件管理工具（就像python的pip），安装node默认会安装npm。如果在国内比较慢，阿里提供了cnpm解决方案，就是把镜像拿到阿里服务器。</p><pre class=\"brush:js;toolbar:false\">cnpm安装：\r\nnpm&nbsp;install&nbsp;-g&nbsp;cnpm&nbsp;--registry=https://registry.npm.taobao.org</pre><p>更多关于cnpm ：http://npm.taobao.org/</p><p><br/></p><p>express:</p><p>express是node的一个插件，可以快速的生成express项目：</p><pre class=\"brush:js;toolbar:false\">cnmp&nbsp;install&nbsp;express&nbsp;&nbsp;&nbsp;如果没安装cnmp&nbsp;&nbsp;:&nbsp;&nbsp;&nbsp;nmp&nbsp;install&nbsp;express</pre><p><br/></p><p>mysql :</p><p>可以到mysql官网下载安装，我电脑安装了xampp里面带了mysql，就使用它了</p><p><br/></p><p>nodemon:</p><p>修改项目后自动重启服务：</p><p>安装：</p><pre style=\"margin-top: 0px; margin-bottom: 0px; padding: 0px; white-space: pre-wrap; word-wrap: break-word; font-size: 12px; font-family: &quot;Courier New&quot; !important;\"><span style=\"font-size: 16px;\">npm install -g nodemon</span><br/></pre><p>使用：</p><pre style=\"margin-top: 0px; margin-bottom: 0px; padding: 0px; white-space: pre-wrap; word-wrap: break-word; font-size: 12px; font-family: &quot;Courier New&quot; !important;\"><span style=\"font-size: 16px;\">nodemon start</span><br/></pre><p><br/></p>', '2018-05-01 12:54:50', '2018-05-01 02:35:50', NULL, 18);
INSERT INTO `article` VALUES (19, 'node - express  hello word ', '<p>node - express&nbsp; hello word :</p><p><br/></p><p>用express生成项目(myapp)：</p><pre class=\"brush:js;toolbar:false\">express&nbsp;myapp</pre><p>项目环境安装：</p><pre class=\"brush:as3;toolbar:false\">npm&nbsp;install</pre><p>启动项目：</p><pre class=\"brush:as3;toolbar:false\">npm&nbsp;start</pre><p>如果一切顺利用浏览器访问：</p><pre class=\"brush:as3;toolbar:false\">http://localhost:3000/</pre><p>就可以看到express……了<br/></p>', '2018-05-01 01:04:00', '2018-05-01 01:04:00', NULL, 18);
INSERT INTO `article` VALUES (20, 'node  express session:', '<p>express session:</p><pre class=\"brush:js;toolbar:false\">//app.js&nbsp;配置\r\nvar&nbsp;session&nbsp;=&nbsp;require(&#39;express-session&#39;);\r\nvar&nbsp;FileStore&nbsp;=&nbsp;require(&#39;session-file-store&#39;)(session);\r\napp.use(session({\r\n&nbsp;&nbsp;&nbsp;&nbsp;name:&nbsp;&quot;identityKey&quot;,\r\n&nbsp;&nbsp;&nbsp;&nbsp;secret:&nbsp;&#39;chyingp&#39;,&nbsp;&nbsp;//&nbsp;用来对session&nbsp;id相关的cookie进行签名\r\n&nbsp;&nbsp;&nbsp;&nbsp;store:&nbsp;new&nbsp;FileStore(),&nbsp;&nbsp;//&nbsp;本地存储session（文本文件，也可以选择其他store，比如redis的）\r\n&nbsp;&nbsp;&nbsp;&nbsp;saveUninitialized:&nbsp;false,&nbsp;&nbsp;//&nbsp;是否自动保存未初始化的会话，建议false\r\n&nbsp;&nbsp;&nbsp;&nbsp;resave:&nbsp;false,&nbsp;&nbsp;//&nbsp;是否每次都重新保存会话，建议false\r\n&nbsp;&nbsp;&nbsp;&nbsp;cookie:&nbsp;{\r\n&nbsp;&nbsp;&nbsp;&nbsp;&nbsp;&nbsp;&nbsp;&nbsp;maxAge:&nbsp;30*1000*60&nbsp;&nbsp;&nbsp;//&nbsp;有效期，单位是毫秒\r\n&nbsp;&nbsp;&nbsp;&nbsp;}\r\n}));</pre><pre class=\"brush:js;toolbar:false\">//使用\r\nrouter.get(&#39;/&#39;,&nbsp;function(req,&nbsp;res,&nbsp;next)&nbsp;{\r\n	req.session.user=&quot;ilksss__88&quot;&nbsp;&nbsp;//写入session\r\n	res.render(&#39;index&#39;,&nbsp;{&nbsp;title:&nbsp;&#39;Express&#39;&nbsp;});\r\n});\r\nrouter.get(&#39;/se&#39;,&nbsp;function(req,&nbsp;res,&nbsp;next)&nbsp;{\r\n	res.render(&#39;index&#39;,&nbsp;{&nbsp;title:&nbsp;req.session.user});&nbsp;//读取session\r\n});</pre><p><br/></p>', '2018-05-02 01:28:15', '2018-05-02 01:28:15', NULL, 18);
INSERT INTO `article` VALUES (21, 'node ssl  https 服务器配置', '<p>ssl申请：</p><p>由于我使用的是腾讯云服务器，所以直接在腾讯云申请免费的ssl</p><p>大概是这个目录：</p><p><img src=\"/ueditor/php/upload/image/20180502/1525196021403284.png\" title=\"1525196021403284.png\" alt=\"image.png\"/></p><p>我们需要使用nginx下的文件（我把它们放在了config/ssl 目录下）：</p><pre class=\"brush:js;toolbar:false\">//app.js&nbsp;&nbsp;&nbsp;module.exports&nbsp;=&nbsp;app;&nbsp;&nbsp;前加上记得改文件路径\r\nvar&nbsp;https&nbsp;=&nbsp;require(&#39;https&#39;);\r\n\r\n//根据项目的路径导入生成的证书文件&nbsp;&nbsp;\r\nvar&nbsp;privateKey&nbsp;=&nbsp;fs.readFileSync(path.join(__dirname,&nbsp;&#39;./config/ssl/…….key&#39;),&nbsp;&#39;utf8&#39;);&nbsp;&nbsp;\r\nvar&nbsp;certificate&nbsp;=&nbsp;fs.readFileSync(path.join(__dirname,&nbsp;&#39;./config/ssl/…….crt&#39;),&nbsp;&#39;utf8&#39;);\r\nvar&nbsp;credentials&nbsp;=&nbsp;{&nbsp;key:&nbsp;privateKey,&nbsp;cert:&nbsp;certificate&nbsp;};\r\nvar&nbsp;httpsServer&nbsp;=&nbsp;https.createServer(credentials,&nbsp;app);\r\n\r\nvar&nbsp;httpsserver&nbsp;=&nbsp;httpsServer.listen(443,&nbsp;function&nbsp;()&nbsp;{\r\n&nbsp;&nbsp;&nbsp;&nbsp;console.log(&#39;HTTPS&nbsp;Server&nbsp;is&nbsp;running&nbsp;on:&nbsp;https://localhost:%s&#39;,&nbsp;443);\r\n});</pre><p>&nbsp; &nbsp; &nbsp; &nbsp;</p>', '2018-05-02 01:38:39', '2018-05-02 01:40:12', NULL, 18);
INSERT INTO `article` VALUES (22, 'pycharm破解', '<p><span style=\"background-color: rgb(255, 255, 255); color: rgb(79, 79, 79); font-family: -apple-system, &quot;SF UI Text&quot;, Arial, &quot;PingFang SC&quot;, &quot;Hiragino Sans GB&quot;, &quot;Microsoft YaHei&quot;, &quot;WenQuanYi Micro Hei&quot;, sans-serif, SimHei, SimSun; font-size: 24px;\">pycharm破解</span><br/></p><p><a href=\"https://blog.csdn.net/m0_37367424/article/details/78593238?locationNum=4&fps=1\">https://blog.csdn.net/m0_37367424/article/details/78593238?locationNum=4&amp;fps=1</a> </p><p><br/></p><p>迅雷：</p><p>https://blog.csdn.net/c2682736/article/details/71773806</p>', '2018-05-04 02:27:36', '2018-05-04 02:29:14', NULL, 19);
INSERT INTO `article` VALUES (23, 'flex 布局', '<p>flex-direction</p><p>flex-wrap</p><p>flex-flow</p><p>justify-content</p><p>align-items</p><p>align-content</p><p><br/></p><p><br/></p><p>flex-start（默认值）：左对齐</p><p>flex-end：右对齐</p><p>center： 居中</p><p>space-between：两端对齐，项目之间的间隔都相等。</p><p>space-around：每个项目两侧的间隔相等。所以，项目之间的间隔比项目与边框的间隔大一倍。</p><p><br/></p><p>order</p><p>flex-grow</p><p>flex-shrink</p><p>flex-basis</p><p>flex</p><p>align-self</p><p><br/></p>', '2018-05-05 04:25:30', '2018-05-05 04:25:30', NULL, 12);
INSERT INTO `article` VALUES (24, 'centos   xampp  ssl thinkphp ', '<p>centos&nbsp; &nbsp;xampp&nbsp; ssl thinkphp&nbsp;</p><p><br/></p><p>第一步：</p><p>&nbsp;&nbsp;&nbsp;&nbsp;申请ssl证书，在腾讯云上可以方便的申请到（在这里感谢腾讯云优惠的学生服务器和域名）。</p><p>第二步：</p><p>&nbsp;&nbsp;&nbsp;&nbsp;把申请到的证书的xxx.crt复制到/opt/lampp/etc/ssl.crt/server.crt&nbsp;&nbsp;</p><p>&nbsp; &nbsp;&nbsp;xxx.key复制到/opt/lampp/etc/ssl.crt/server.key</p><p>&nbsp;&nbsp;&nbsp;&nbsp;1_root_bundle.crt 复制到/opt/lampp/etc/ssl.crl/ca-bundle.crl</p><p>第三步：</p><p>&nbsp;&nbsp;&nbsp;&nbsp;到thinkphp官网下载thinkphpxxxx.zip 解压到/opt/lampp/htdoc/tp5/<br/></p><p>第四步：</p><p>&nbsp;&nbsp;&nbsp;&nbsp;修改/opt/etc/httpd.conf<br/></p><p>&nbsp;&nbsp;&nbsp;&nbsp;<img src=\"/ueditor/php/upload/image/20180511/1525981138740598.png\" title=\"1525981138740598.png\" alt=\"image.png\"/></p><p>&nbsp;&nbsp;&nbsp;&nbsp;<br/></p><p>&nbsp; &nbsp; 到这里卡了好久，因为http可以正常访问https就不能正常访问。<br/></p><p>第五步：</p><p>&nbsp;&nbsp;&nbsp;&nbsp;修改：/opt/etc/extra/httpd-ssl.conf</p><p>&nbsp;&nbsp;&nbsp;&nbsp;<img src=\"/ueditor/php/upload/image/20180511/1525981390451849.png\" title=\"1525981390451849.png\" alt=\"image.png\"/></p><p>取消注释：<br/></p><p>&nbsp;<img src=\"/ueditor/php/upload/image/20180512/1526098914806185.png\" title=\"1526098914806185.png\" alt=\"image.png\" width=\"496\" height=\"238\"/></p><p>第六步：</p><p>&nbsp;&nbsp;&nbsp;&nbsp;/opt/lampp/lampp restart</p><p>&nbsp;&nbsp;&nbsp;&nbsp;如果顺利可正常访问htpp和https了<br/></p><p><br/></p>', '2018-05-11 03:34:47', '2018-05-12 12:23:52', NULL, 20);
INSERT INTO `article` VALUES (25, 'thinkphp 发短信', '<p>thinkphp 发短信：</p><p><br/></p><p>原地址：<a href=\"http://www.thinkphp.cn/code/3423.html\">http://www.thinkphp.cn/code/3423.html</a> </p><p><br/></p><p>文件地址：https://pan.baidu.com/s/1aCCx7GvroSfMUlxfzgGWHA</p><p><br/></p><p><br/></p>', '2018-05-11 03:26:13', '2018-06-01 06:34:48', NULL, 20);
INSERT INTO `article` VALUES (27, '微信小程序自定义tarBar加强版', '<p>微信小程序自定义tarBar加强版</p><p>demo：</p><p><a href=\"https://pan.baidu.com/s/1xdCsX6O1gJrOUVh4Szy9Zw\">https://pan.baidu.com/s/1xdCsX6O1gJrOUVh4Szy9Zw</a> </p><p><br/></p><p>解决问题：</p><p>微信小程序支支持一套tarBar,但实际开发中有时需要多套tarBar</p><p>思路说明：</p><p>在界面中用absolute定位导航条到页面底部，更具选中按钮不同加载不同的自定义控件</p><p>有点：</p><p>切换按钮时底部导航条无明显刷新动作。</p>', '2018-05-31 11:39:21', '2018-05-31 11:39:21', NULL, 12);
INSERT INTO `article` VALUES (28, '经典语录', '<ol class=\" list-paddingleft-2\" style=\"list-style-type: decimal;\"><li><p>有时候当彼此说再见的时候可能就是此生再也不见。 （泰国地铁站）</p></li><li><p>生活往往这样，你害怕自己爱上谁，你就会爱上谁，然而当你接受了这个事实的时候，又感觉一切也就那样……</p></li><li><p><br/></p></li></ol>', '2018-06-03 11:31:36', '2018-06-03 11:31:36', NULL, 16);

-- ----------------------------
-- Table structure for project
-- ----------------------------
DROP TABLE IF EXISTS `project`;
CREATE TABLE `project`  (
  `pro_id` int(11) NOT NULL AUTO_INCREMENT,
  `pro_name` varchar(60) CHARACTER SET utf8 COLLATE utf8_bin DEFAULT NULL,
  `pro_introduce` varchar(255) CHARACTER SET utf8 COLLATE utf8_bin DEFAULT NULL,
  `create_time` datetime(0) DEFAULT NULL,
  `update_time` datetime(0) DEFAULT NULL,
  `look` int(11) DEFAULT NULL,
  PRIMARY KEY (`pro_id`) USING BTREE
) ENGINE = InnoDB AUTO_INCREMENT = 21 CHARACTER SET = utf8 COLLATE = utf8_bin ROW_FORMAT = Compact;

-- ----------------------------
-- Records of project
-- ----------------------------
INSERT INTO `project` VALUES (7, 'Android', '安卓百度地图使的航等用导等功能', '2018-03-21 07:16:56', '2018-03-21 07:16:56', NULL);
INSERT INTO `project` VALUES (8, 'C#', '', '2018-03-25 02:44:40', '2018-03-25 02:44:40', NULL);
INSERT INTO `project` VALUES (10, 'python 数据基础', '', '2018-04-03 11:41:12', '2018-04-03 11:41:12', NULL);
INSERT INTO `project` VALUES (11, 'linux', 'linux(deepin)使用记录', '2018-04-07 07:28:08', '2018-05-10 12:41:17', NULL);
INSERT INTO `project` VALUES (12, '微信小程序', '微信小程序学习记录', '2018-04-12 12:54:22', '2018-04-12 12:54:22', NULL);
INSERT INTO `project` VALUES (13, 'linux0.12', '阅读和调试Linux0.12过程中的感悟', '2018-04-19 09:53:47', '2018-04-19 09:53:47', NULL);
INSERT INTO `project` VALUES (14, 'tensorflow', '', '2018-04-21 02:45:54', '2018-04-21 02:45:54', NULL);
INSERT INTO `project` VALUES (15, 'python', '', '2018-04-22 12:47:11', '2018-04-22 12:47:11', NULL);
INSERT INTO `project` VALUES (16, '素材', '', '2018-04-22 08:27:01', '2018-04-22 08:27:01', NULL);
INSERT INTO `project` VALUES (17, '人工智能', '', '2018-04-25 06:02:22', '2018-04-25 06:02:22', NULL);
INSERT INTO `project` VALUES (18, 'node', '曾经用了半年node,现在创建个项目都不记得了', '2018-05-01 12:12:53', '2018-05-01 12:12:53', NULL);
INSERT INTO `project` VALUES (19, '无奈破解', '', '2018-05-01 04:18:30', '2018-05-01 04:18:30', NULL);
INSERT INTO `project` VALUES (20, 'php', '', '2018-05-11 03:28:17', '2018-05-11 03:28:17', NULL);

-- ----------------------------
-- Table structure for software
-- ----------------------------
DROP TABLE IF EXISTS `software`;
CREATE TABLE `software`  (
  `soft_id` int(11) NOT NULL AUTO_INCREMENT,
  `soft_name` varchar(255) CHARACTER SET utf8 COLLATE utf8_bin DEFAULT NULL,
  `soft_info` varchar(20000) CHARACTER SET utf8 COLLATE utf8_bin DEFAULT NULL,
  `soft_about` varchar(30) CHARACTER SET utf8 COLLATE utf8_bin DEFAULT NULL,
  `create_time` datetime(0) DEFAULT NULL ON UPDATE CURRENT_TIMESTAMP(0),
  `update_time` datetime(0) DEFAULT NULL ON UPDATE CURRENT_TIMESTAMP(0),
  `soft_otherurl` varchar(255) CHARACTER SET utf8 COLLATE utf8_bin DEFAULT NULL,
  `soft_url` varchar(255) CHARACTER SET utf8 COLLATE utf8_bin DEFAULT NULL,
  `soft_img` varchar(255) CHARACTER SET utf8 COLLATE utf8_bin DEFAULT NULL,
  `look` int(11) DEFAULT 0,
  `download` int(11) DEFAULT 0,
  `soft_introduce` varchar(255) CHARACTER SET utf8 COLLATE utf8_bin DEFAULT NULL,
  PRIMARY KEY (`soft_id`) USING BTREE
) ENGINE = InnoDB AUTO_INCREMENT = 6 CHARACTER SET = utf8 COLLATE = utf8_bin ROW_FORMAT = Compact;

-- ----------------------------
-- Records of software
-- ----------------------------
INSERT INTO `software` VALUES (4, ' i取色', '<p>我们想得到桌面上的某个部分的颜色值，通常是 截图-&gt;用ps吸管工具获取相应得颜色值，这样很繁琐。i取色就是用来解决这个问题的。</p><p>使用教程：</p><p>1.快捷键</p><p><img src=\"/ueditor/php/upload/image/20180328/1522252734165063.png\" title=\"1522252734165063.png\" alt=\"image.png\"/></p><p>2.获取颜色就不说了（注意获取的是鼠标位置的颜色）。</p><p>3.设计特点：</p><p>有时候我们遇到尴尬的事：<br/></p><p>本来是这样的：</p><p><img src=\"/ueditor/php/upload/image/20180329/1522252962815064.png\" title=\"1522252962815064.png\" alt=\"image.png\"/></p><p>鼠标移动到控件上颜色就变了：</p><p><img src=\"/ueditor/php/upload/image/20180329/1522253064883873.png\" title=\"1522253064883873.png\" alt=\"image.png\"/></p><p>解决办法（合理利用窗体透明的部分）：</p><p><img src=\"/ueditor/php/upload/image/20180329/1522253103507567.png\" title=\"1522253103507567.png\" alt=\"image.png\"/></p><p>注：此方法由于换算时取整会有小于百分之一的误差。</p><p><br/></p>', 'windows', '2018-03-29 12:13:09', '2018-03-29 12:13:09', NULL, '  https://pan.baidu.com/s/1TTAUnimDw8g3tg9X48CR6A', 'static/uploads/20180321\\f808973ca772e7e0611e6a970d1079a4.ico', 0, 0, '获取电脑屏幕鼠标位置的颜色');
INSERT INTO `software` VALUES (5, 'z录屏', '<p>一开始用winform开发，都完成了感觉界面太丑毫无质感，又用wpf框架重写了一遍。<br/></p><p>第一次用wpf开发感觉很不错vs庞大但是也强大。<br/></p><p>如有建议或者bug欢迎联系。</p>', 'Windows', '2018-03-29 12:32:22', '2018-03-29 12:32:22', NULL, 'https://pan.baidu.com/s/1DfbnScWTiUZTFpgfozI3cQ', 'static/uploads/20180329/9d532c1b0c804f831f2475d034161909.png', 0, 0, '一款视屏制作软件主要以录制桌面为主');

-- ----------------------------
-- Table structure for spoof
-- ----------------------------
DROP TABLE IF EXISTS `spoof`;
CREATE TABLE `spoof`  (
  `spoof_id` int(11) NOT NULL AUTO_INCREMENT,
  `spoof_name` varchar(60) CHARACTER SET utf8 COLLATE utf8_bin DEFAULT NULL,
  `spoof_info` varchar(255) CHARACTER SET utf8 COLLATE utf8_bin DEFAULT NULL,
  `spoof_about` varchar(255) CHARACTER SET utf8 COLLATE utf8_bin DEFAULT NULL,
  `create_time` datetime(0) DEFAULT NULL,
  `update_time` datetime(0) DEFAULT NULL,
  `spoof_url` varchar(255) CHARACTER SET utf8 COLLATE utf8_bin DEFAULT NULL,
  `spoof_img` varchar(255) CHARACTER SET utf8 COLLATE utf8_bin DEFAULT NULL,
  `look` int(11) DEFAULT 0,
  `download` int(11) DEFAULT 0,
  `spoof_introduce` varchar(255) CHARACTER SET utf8 COLLATE utf8_bin DEFAULT NULL,
  PRIMARY KEY (`spoof_id`) USING BTREE
) ENGINE = InnoDB AUTO_INCREMENT = 1 CHARACTER SET = utf8 COLLATE = utf8_bin ROW_FORMAT = Compact;

-- ----------------------------
-- Table structure for user
-- ----------------------------
DROP TABLE IF EXISTS `user`;
CREATE TABLE `user`  (
  `user_name` varchar(50) CHARACTER SET utf8 COLLATE utf8_bin DEFAULT NULL,
  `password` varchar(255) CHARACTER SET utf8 COLLATE utf8_bin DEFAULT NULL
) ENGINE = InnoDB CHARACTER SET = utf8 COLLATE = utf8_bin ROW_FORMAT = Compact;

-- ----------------------------
-- Records of user
-- ----------------------------
INSERT INTO `user` VALUES ('admin', 'e12676bcbe1532c6d549212b6afd1107');

SET FOREIGN_KEY_CHECKS = 1;
